date,views,unique_visitors_daily,views_status,clones,unique_cloners_daily,clones_status,commits,stars_added,stars_current_cumulative,forks_added,forks_current_cumulative,release_downloads_tracked_cumulative
2026-06-29,,,not_tracked,,,not_tracked,1,,,,,
2026-06-30,,,not_tracked,,,not_tracked,6,,,,,
2026-07-01,,,not_tracked,,,not_tracked,5,,,,,
2026-07-02,,,not_tracked,,,not_tracked,8,,,,,
2026-07-03,,,not_tracked,,,not_tracked,3,,,,,
2026-07-04,,,not_tracked,,,not_tracked,3,,,,,
2026-07-05,,,not_tracked,,,not_tracked,9,,,,,
2026-07-06,,,not_tracked,,,not_tracked,6,,,,,
2026-07-07,,,not_tracked,,,not_tracked,,,,,,
2026-07-08,,,not_tracked,,,not_tracked,,,,,,
2026-07-09,,,not_tracked,,,not_tracked,1,,,,,
2026-07-10,,,not_tracked,,,not_tracked,1,,,,,
2026-07-11,,,not_tracked,,,not_tracked,5,,,,,
2026-07-12,,,not_tracked,,,not_tracked,,,,,,
2026-07-13,,,not_tracked,,,not_tracked,,,,,,
2026-07-14,,,not_tracked,,,not_tracked,1,,,,,
2026-07-15,,,not_tracked,,,not_tracked,,,,,,
2026-07-16,,,not_tracked,,,not_tracked,,,,,,
2026-07-17,,,not_tracked,,,not_tracked,,,,,,
2026-07-18,,,not_tracked,,,not_tracked,2,,,,,
2026-07-19,,,not_tracked,,,not_tracked,,,,,,
2026-07-20,,,not_tracked,,,not_tracked,,,,,,
2026-07-21,,,not_tracked,,,not_tracked,1,,,,,
2026-07-22,,,not_tracked,,,not_tracked,,,,,,
2026-07-23,,,not_tracked,,,not_tracked,,,,,,
2026-07-24,,,not_tracked,,,not_tracked,,,,,,
2026-07-25,,,not_tracked,,,not_tracked,,,,,,
2026-07-26,,,not_tracked,,,not_tracked,,,,,,
2026-07-27,,,not_tracked,,,not_tracked,,,,,,
2026-07-28,,,not_tracked,,,not_tracked,,,,,,
2026-07-29,,,unrecoverable,,,unrecoverable,,,,,,
2026-07-30,,,unrecoverable,,,unrecoverable,1,,,,,
2026-07-31,,,unrecoverable,,,unrecoverable,,,,,,
2026-08-01,,,unrecoverable,,,unrecoverable,,,,,,
2026-08-02,,,unrecoverable,,,unrecoverable,4,,,,,
2026-08-03,,,unrecoverable,,,unrecoverable,,,,,,
2026-08-04,,,unrecoverable,,,unrecoverable,1,,,,,
2026-08-05,,,unrecoverable,,,unrecoverable,1,,,,,
2026-08-06,,,unrecoverable,,,unrecoverable,,,,,,
2026-08-07,,,unrecoverable,,,unrecoverable,,,,,,
2026-08-08,,,unrecoverable,,,unrecoverable,,,,,,
2026-08-09,,,unrecoverable,,,unrecoverable,,,,,,
2026-08-10,,,unrecoverable,,,unrecoverable,2,,,,,
2026-08-11,,,unrecoverable,,,unrecoverable,4,,,,,0
2026-08-12,,,unrecoverable,,,unrecoverable,,,,,,0
2026-08-13,,,unrecoverable,,,unrecoverable,,,,,,0
2026-08-14,,,unrecoverable,,,unrecoverable,,,,,,0
2026-08-15,,,unrecoverable,,,unrecoverable,,,,,,0
2026-08-16,,,unrecoverable,,,unrecoverable,,,,,,0
2026-08-17,,,unrecoverable,,,unrecoverable,,,,,,0
2026-08-18,,,pending,,,pending,,,,,,0
2026-08-19,,,pending,,,pending,1,,,,,0
2026-08-20,,,pending,,,pending,,,,,,0
2026-08-21,,,pending,,,pending,,,,,,0
2026-08-22,,,pending,,,pending,,,,,,0
2026-08-23,,,pending,,,pending,,,,,,0
2026-08-24,,,pending,,,pending,,,,,,0
2026-08-25,,,pending,,,pending,,,,,,0
2026-08-26,,,pending,,,pending,,,,,,0
2026-08-27,,,pending,,,pending,,,,,,0
2026-08-28,,,pending,,,pending,,,,,,0
2026-08-29,,,pending,,,pending,,,,,,0
2026-08-30,,,pending,,,pending,,,,,,0
2026-08-31,,,pending,,,pending,,,,,,0
